{
  "model": "lstm",
  "status": "ok",
  "mae": 3.360000032186508,
  "rmse": 8.752247392500324,
  "details": {
    "train_sequences": 60,
    "test_sequences": 30
  }
}