{
  "model": "xgboost",
  "status": "ok",
  "mae": 3.2483457226554555,
  "rmse": 7.83044138525482,
  "details": {
    "train_rows": 60,
    "test_rows": 30
  }
}