label,d,D,n_obs,adf_stat,p_value,stationary,critical_5pct
Ingen differensiering,0,0,45,-4.052867517471841,0.0011576269934062248,True,-2.929885661157025
Første differense,1,0,44,-9.47072071590908,4.113336882246213e-16,True,-2.931549768951162
Sesongdifferense (12),0,1,33,-2.3264105470308,0.16359145515560763,False,-2.960525341210433
Første + sesongdifferense,1,1,32,-0.533452997899741,0.8853214023938968,False,-3.013097747543462
